Workbook

Sheet DASHBOARD
B1: AEROSOL PLANT · INSTALLATION DASHBOARD
B2: Last Updated | C2: =TODAY() -> 46163
B4: Total Tasks | C4: Completed | D4: In Progress | E4: Not Started | F4: Blocked
B5: =COUNTA(TRACKER!$A$3:$A$131) -> 129 | C5: =COUNTIF(TRACKER!$G$3:$G$131,"Completed") -> 44 | D5: =COUNTIF(TRACKER!$G$3:$G$131,"In Progress") -> 37 | E5: =COUNTIF(TRACKER!$G$3:$G$131,"Not Started") -> 40 | F5: =COUNTIF(TRACKER!$G$3:$G$131,"Blocked") -> 4
B8: MACHINE SECTIONS
B9: Machine (tap to view tasks) | C9: ⚡ Elec. Pending | D9: ⚙ Mech. Pending | E9: Total Pending | F9: ✓ Done
B10: Press | C10: =COUNTIFS(TRACKER!$B$3:$B$131,"Press",TRACKER!$C$3:$C$131,"Electrical",TRACKER!$G$3:$G$131,"<>Completed") -> 1 | D10: =COUNTIFS(TRACKER!$B$3:$B$131,"Press",TRACKER!$C$3:$C$131,"Mechanical",TRACKER!$G$3:$G$131,"<>Completed") -> 14 | E10: =C10+D10 -> 15 | F10: =COUNTIFS(TRACKER!$B$3:$B$131,"Press",TRACKER!$G$3:$G$131,"Completed") -> 14
B11: Trimming | C11: =COUNTIFS(TRACKER!$B$3:$B$131,"Trimming",TRACKER!$C$3:$C$131,"Electrical",TRACKER!$G$3:$G$131,"<>Completed") -> 1 | D11: =COUNTIFS(TRACKER!$B$3:$B$131,"Trimming",TRACKER!$C$3:$C$131,"Mechanical",TRACKER!$G$3:$G$131,"<>Completed") -> 2 | E11: =C11+D11 -> 3 | F11: =COUNTIFS(TRACKER!$B$3:$B$131,"Trimming",TRACKER!$G$3:$G$131,"Completed") -> 6
B12: Washing | C12: =COUNTIFS(TRACKER!$B$3:$B$131,"Washing",TRACKER!$C$3:$C$131,"Electrical",TRACKER!$G$3:$G$131,"<>Completed") -> 3 | D12: =COUNTIFS(TRACKER!$B$3:$B$131,"Washing",TRACKER!$C$3:$C$131,"Mechanical",TRACKER!$G$3:$G$131,"<>Completed") -> 13 | E12: =C12+D12 -> 16 | F12: =COUNTIFS(TRACKER!$B$3:$B$131,"Washing",TRACKER!$G$3:$G$131,"Completed") -> 2
B13: Lacquer | C13: =COUNTIFS(TRACKER!$B$3:$B$131,"Lacquer",TRACKER!$C$3:$C$131,"Electrical",TRACKER!$G$3:$G$131,"<>Completed") -> 2 | D13: =COUNTIFS(TRACKER!$B$3:$B$131,"Lacquer",TRACKER!$C$3:$C$131,"Mechanical",TRACKER!$G$3:$G$131,"<>Completed") -> 2 | E13: =C13+D13 -> 4 | F13: =COUNTIFS(TRACKER!$B$3:$B$131,"Lacquer",TRACKER!$G$3:$G$131,"Completed") -> 7
B14: Base Coat | C14: =COUNTIFS(TRACKER!$B$3:$B$131,"Base Coat",TRACKER!$C$3:$C$131,"Electrical",TRACKER!$G$3:$G$131,"<>Completed") -> 0 | D14: =COUNTIFS(TRACKER!$B$3:$B$131,"Base Coat",TRACKER!$C$3:$C$131,"Mechanical",TRACKER!$G$3:$G$131,"<>Completed") -> 1 | E14: =C14+D14 -> 1 | F14: =COUNTIFS(TRACKER!$B$3:$B$131,"Base Coat",TRACKER!$G$3:$G$131,"Completed") -> 3
B15: Printing | C15: =COUNTIFS(TRACKER!$B$3:$B$131,"Printing",TRACKER!$C$3:$C$131,"Electrical",TRACKER!$G$3:$G$131,"<>Completed") -> 3 | D15: =COUNTIFS(TRACKER!$B$3:$B$131,"Printing",TRACKER!$C$3:$C$131,"Mechanical",TRACKER!$G$3:$G$131,"<>Completed") -> 7 | E15: =C15+D15 -> 10 | F15: =COUNTIFS(TRACKER!$B$3:$B$131,"Printing",TRACKER!$G$3:$G$131,"Completed") -> 2
B16: Over Varnish | C16: =COUNTIFS(TRACKER!$B$3:$B$131,"Over Varnish",TRACKER!$C$3:$C$131,"Electrical",TRACKER!$G$3:$G$131,"<>Completed") -> 0 | D16: =COUNTIFS(TRACKER!$B$3:$B$131,"Over Varnish",TRACKER!$C$3:$C$131,"Mechanical",TRACKER!$G$3:$G$131,"<>Completed") -> 1 | E16: =C16+D16 -> 1 | F16: =COUNTIFS(TRACKER!$B$3:$B$131,"Over Varnish",TRACKER!$G$3:$G$131,"Completed") -> 4
B17: Main Oven | C17: =COUNTIFS(TRACKER!$B$3:$B$131,"Main Oven",TRACKER!$C$3:$C$131,"Electrical",TRACKER!$G$3:$G$131,"<>Completed") -> 0 | D17: =COUNTIFS(TRACKER!$B$3:$B$131,"Main Oven",TRACKER!$C$3:$C$131,"Mechanical",TRACKER!$G$3:$G$131,"<>Completed") -> 0 | E17: =C17+D17 -> 0 | F17: =COUNTIFS(TRACKER!$B$3:$B$131,"Main Oven",TRACKER!$G$3:$G$131,"Completed") -> 3
B18: Necking | C18: =COUNTIFS(TRACKER!$B$3:$B$131,"Necking",TRACKER!$C$3:$C$131,"Electrical",TRACKER!$G$3:$G$131,"<>Completed") -> 1 | D18: =COUNTIFS(TRACKER!$B$3:$B$131,"Necking",TRACKER!$C$3:$C$131,"Mechanical",TRACKER!$G$3:$G$131,"<>Completed") -> 4 | E18: =C18+D18 -> 5 | F18: =COUNTIFS(TRACKER!$B$3:$B$131,"Necking",TRACKER!$G$3:$G$131,"Completed") -> 1
B19: Mixer | C19: =COUNTIFS(TRACKER!$B$3:$B$131,"Mixer",TRACKER!$C$3:$C$131,"Electrical",TRACKER!$G$3:$G$131,"<>Completed") -> 1 | D19: =COUNTIFS(TRACKER!$B$3:$B$131,"Mixer",TRACKER!$C$3:$C$131,"Mechanical",TRACKER!$G$3:$G$131,"<>Completed") -> 0 | E19: =C19+D19 -> 1 | F19: =COUNTIFS(TRACKER!$B$3:$B$131,"Mixer",TRACKER!$G$3:$G$131,"Completed") -> 1
B20: General | C20: =COUNTIFS(TRACKER!$B$3:$B$131,"General",TRACKER!$C$3:$C$131,"Electrical",TRACKER!$G$3:$G$131,"<>Completed") -> 10 | D20: =COUNTIFS(TRACKER!$B$3:$B$131,"General",TRACKER!$C$3:$C$131,"Mechanical",TRACKER!$G$3:$G$131,"<>Completed") -> 19 | E20: =C20+D20 -> 29 | F20: =COUNTIFS(TRACKER!$B$3:$B$131,"General",TRACKER!$G$3:$G$131,"Completed") -> 1
B23: PENDING BY PRIORITY
B24: High Priority | E24: =COUNTIFS(TRACKER!$E$3:$E$131,"High",TRACKER!$G$3:$G$131,"<>Completed") -> 49
B25: Medium Priority | E25: =COUNTIFS(TRACKER!$E$3:$E$131,"Medium",TRACKER!$G$3:$G$131,"<>Completed") -> 26
B26: Low Priority | E26: =COUNTIFS(TRACKER!$E$3:$E$131,"Low",TRACKER!$G$3:$G$131,"<>Completed") -> 10
B29: STATUS REFERENCE
B30: In Progress | C30: Not Started | D30: Blocked | E30: Completed | F30: Pending Procurement

Sheet TRACKER
A1: AEROSOL PLANT · INSTALLATION TRACKER | I1: ← Dashboard
A2: # | B2: Machine | C2: Category | D2: Task Description | E2: Priority | F2: Progress | G2: Status | H2: Remarks | I2: Updated
A3: 1 | B3: Press | C3: Electrical | D3: Close all electrical panels and cable trays | E3: High | F3: 0.1 | G3: In Progress
A4: 2 | B4: Press | C4: Electrical | D4: SOV pneumatic press clutch service | E4: – | F4: 1 | G4: Completed
A5: 3 | B5: Press | C5: Electrical | D5: Hopper motor installation and testing (Dry Run) | E5: – | F5: 1 | G5: Completed
A6: 4 | B6: Press | C6: Electrical | D6: Hopper Motor installation | E6: – | F6: 1 | G6: Completed
A7: 5 | B7: Press | C7: Electrical | D7: Cable trays installation | E7: – | F7: 1 | G7: Completed
A8: 6 | B8: Press | C8: Mechanical | D8: Slug Feeding Hopper with switch — complete unit | E8: High | F8: 0.5 | G8: In Progress
A9: 7 | B9: Press | C9: Mechanical | D9: Gear Oil Lubrication pumping system setup | E9: High | F9: 0.4 | G9: In Progress | H9: Pump sent for repairing
A10: 8 | B10: Press | C10: Mechanical | D10: Welding & fixing gear oil tank brackets and sheet | E10: Medium | F10: 0.4 | G10: In Progress
A11: 9 | B11: Press | C11: Mechanical | D11: Press machine auto lubrication — pending tasks | E11: High | F11: 0.3 | G11: In Progress | H11: Procurement in process
A12: 10 | B12: Press | C12: Mechanical | D12: Tools for press machine — urgent procurement | E12: High | F12: 0.2 | G12: In Progress | H12: In progress
A13: 11 | B13: Press | C13: Mechanical | D13: 02 Dust collection pipes to be installed | E13: Medium | F13: 0 | G13: Not Started
A14: 12 | B14: Press | C14: Mechanical | D14: Dust Collection blower — connection with piping | E14: Medium | F14: 0 | G14: Not Started | H14: Blower to be procured
A15: 13 | B15: Press | C15: Mechanical | D15: Fix lubrication tray with slope for drainage | E15: Medium | F15: 0 | G15: Not Started
A16: 14 | B16: Press | C16: Mechanical | D16: Oil collection tank — place directly under tray | E16: Medium | F16: 0 | G16: Not Started
A17: 15 | B17: Press | C17: Mechanical | D17: Operator Platform (incomplete stand) to be made | E17: Low | F17: 0 | G17: Not Started
A18: 16 | B18: Press | C18: Mechanical | D18: Damping rubber pads over slug feeding tray | E18: Low | F18: 0 | G18: Not Started
A19: 17 | B19: Press | C19: Mechanical | D19: Scoop (chamach) required for slug handling | E19: Low | F19: 0 | G19: Not Started | H19: Khalid sb
A20: 18 | B20: Press | C20: Mechanical | D20: Baling machine check from local vendor | E20: Low | F20: 0 | G20: Not Started | H20: Khalid sb
A21: 19 | B21: Press | C21: Mechanical | D21: Press machine auto running on slug | E21: High | F21: 0 | G21: Not Started | H21: Awaiting pending task completion
A22: 20 | B22: Press | C22: Mechanical | D22: Auto gripper fitting / checking | E22: – | F22: 1 | G22: Completed
A23: 21 | B23: Press | C23: Mechanical | D23: Slug Holder channel | E23: – | F23: 1 | G23: Completed
A24: 22 | B24: Press | C24: Mechanical | D24: Press main slide installation | E24: – | F24: 1 | G24: Completed
A25: 23 | B25: Press | C25: Mechanical | D25: Press conveyor fixation | E25: – | F25: 1 | G25: Completed
A26: 24 | B26: Press | C26: Mechanical | D26: Oil pump motor repairing | E26: – | F26: 1 | G26: Completed
A27: 25 | B27: Press | C27: Mechanical | D27: Press & Trimming compressor line fixed | E27: – | F27: 1 | G27: Completed
A28: 26 | B28: Press | C28: Mechanical | D28: Press Clutch NRV repaired | E28: – | F28: 1 | G28: Completed
A29: 27 | B29: Press | C29: Mechanical | D29: Oil pump replacing and troubleshooting | E29: – | F29: 1 | G29: Completed
A30: 28 | B30: Press | C30: Mechanical | D30: Press timing and alignment with testing | E30: – | F30: 1 | G30: Completed
A31: 29 | B31: Press | C31: Mechanical | D31: Die & punch stroke setting | E31: – | F31: 1 | G31: Completed
A32: 30 | B32: Trimming | C32: Electrical | D32: Scrap collector wiring and troubleshooting | E32: High | F32: 0.9 | G32: In Progress | H32: Magnetic switch faulty — to be changed
A33: 31 | B33: Trimming | C33: Electrical | D33: Electrical Panel checked / Tested | E33: – | F33: 1 | G33: Completed
A34: 32 | B34: Trimming | C34: Electrical | D34: Startup main motor | E34: – | F34: 1 | G34: Completed
A35: 33 | B35: Trimming | C35: Electrical | D35: Pneumatic and Electrical operation check | E35: – | F35: 1 | G35: Completed
A36: 34 | B36: Trimming | C36: Mechanical | D36: Oiling / greasing / parts replacement / testing | E36: High | F36: 0.8 | G36: In Progress | H36: Oil pump maintenance pending
A37: 35 | B37: Trimming | C37: Mechanical | D37: Trimming machine dry run | E37: High | F37: 0 | G37: Blocked | H37: Dry run awaiting — cutter blade sent for sharpening
A38: 36 | B38: Trimming | C38: Mechanical | D38: Trimming startup | E38: – | F38: 1 | G38: Completed
A39: 37 | B39: Trimming | C39: Mechanical | D39: Conveyor alignment — Trimming to Washing | E39: – | F39: 1 | G39: Completed
A40: 38 | B40: Trimming | C40: Mechanical | D40: Conveyor — Press to Trimming input | E40: – | F40: 1 | G40: Completed
A41: 39 | B41: Washing | C41: Electrical | D41: Heaters to be checked and replaced if required | E41: High | F41: 0.3 | G41: In Progress | H41: After press & trimming startup
A42: 40 | B42: Washing | C42: Electrical | D42: Disconnect wiring before washing the machine | E42: High | F42: 0 | G42: In Progress | H42: Khalid sb
A43: 41 | B43: Washing | C43: Electrical | D43: Ensure all exhaust fans on floor are operational | E43: High | F43: 0 | G43: In Progress | H43: Cable & connection required — UTI team
A44: 42 | B44: Washing | C44: Mechanical | D44: Chain Repairing | E44: High | F44: 0 | G44: In Progress | H44: Sent to Karachi for repairing
A45: 43 | B45: Washing | C45: Mechanical | D45: Process identification, missing parts, inspection | E45: High | F45: 0 | G45: In Progress | H45: In collaboration with Lindsay
A46: 44 | B46: Washing | C46: Mechanical | D46: Rinsing Recycling Tank — decoating & cleaning | E46: High | F46: 0.5 | G46: In Progress
A47: 45 | B47: Washing | C47: Mechanical | D47: Spraying Jets Section — cleaning / scraping | E47: High | F47: 0.5 | G47: In Progress
A48: 46 | B48: Washing | C48: Mechanical | D48: Washing machine chain — repair and reinstallation check | E48: High | F48: 0.3 | G48: In Progress | H48: Repairing in progress in Karachi — to be checked after installation
A49: 47 | B49: Washing | C49: Mechanical | D49: Washing machine piping and blower installation | E49: High | F49: 0.2 | G49: In Progress | H49: To be checked with Lindsay — blower available for installation
A50: 48 | B50: Washing | C50: Mechanical | D50: Separate storage tanks (detergent / cold / hot water) | E50: High | F50: 0 | G50: Not Started | H50: Khalid sb
A51: 49 | B51: Washing | C51: Mechanical | D51: Washing rinse recycling tank (rusty) — clean | E51: High | F51: 0 | G51: Not Started | H51: Khalid sb
A52: 50 | B52: Washing | C52: Mechanical | D52: Heat exchanger for washing system — procure & install | E52: High | F52: 0 | G52: Not Started | H52: Khalid sb
A53: 51 | B53: Washing | C53: Mechanical | D53: Washing process flow — review and implement | E53: High | F53: 0 | G53: Not Started | H53: Khalid sb
A54: 52 | B54: Washing | C54: Mechanical | D54: Washing unit tanks — sizes and quantities for quotation | E54: High | F54: 0 | G54: Not Started | H54: Sizes & quantities to be provided for quotation
A55: 53 | B55: Washing | C55: Mechanical | D55: Washing unit drain plan — flexible pipes after tank installation | E55: Medium | F55: 0 | G55: Not Started | H55: To be installed after tank installation
A56: 54 | B56: Washing | C56: Mechanical | D56: Inspect all rubber pipes — replace if damaged | E56: High | F56: 0 | G56: Blocked | H56: After chain arrival — Khalid sb
A57: 55 | B57: Washing | C57: Mechanical | D57: All gears greasing | E57: – | F57: 1 | G57: Completed
A58: 56 | B58: Washing | C58: Mechanical | D58: Gears alignment | E58: – | F58: 1 | G58: Completed
A59: 57 | B59: Lacquer | C59: Electrical | D59: All heaters — check, fix or replace faulty | E59: High | F59: 0.9 | G59: In Progress | H59: 2 faulty heaters need replacement
A60: 58 | B60: Lacquer | C60: Electrical | D60: Air filter to be installed before lacquer line | E60: High | F60: 0 | G60: Not Started | H60: Khalid sb
A61: 59 | B61: Lacquer | C61: Electrical | D61: Blower main motor connection and testing | E61: – | F61: 1 | G61: Completed
A62: 60 | B62: Lacquer | C62: Mechanical | D62: Cans Holders — dismantled, clean with thinner | E62: Medium | F62: 0.5 | G62: In Progress
A63: 61 | B63: Lacquer | C63: Mechanical | D63: Small dedicated air tank / receiver for lacquer | E63: Medium | F63: 0 | G63: Not Started | H63: Khalid sb
A64: 62 | B64: Lacquer | C64: Mechanical | D64: Spray Guns — cleaned with thinner | E64: – | F64: 1 | G64: Completed
A65: 63 | B65: Lacquer | C65: Mechanical | D65: Spray Mount Drum — scraped & cleaned | E65: – | F65: 1 | G65: Completed
A66: 64 | B66: Lacquer | C66: Mechanical | D66: Mandrel Plate — scraped & cleaned | E66: – | F66: 1 | G66: Completed
A67: 65 | B67: Lacquer | C67: Mechanical | D67: Exhaust Sieve — cleaned | E67: – | F67: 1 | G67: Completed
A68: 66 | B68: Lacquer | C68: Mechanical | D68: Frame Body — cleaned | E68: – | F68: 1 | G68: Completed
A69: 67 | B69: Lacquer | C69: Mechanical | D69: Oven Chain cleaning | E69: – | F69: 1 | G69: Completed
A70: 68 | B70: Base Coat | C70: Mechanical | D70: Rollers — dismantled, to be chrome plated | E70: Medium | F70: 0.5 | G70: In Progress | H70: Sent for chrome plating
A71: 69 | B71: Base Coat | C71: Mechanical | D71: Rollers Housing — cleaned and greased | E71: – | F71: 1 | G71: Completed
A72: 70 | B72: Base Coat | C72: Mechanical | D72: Mandrels — cleaned | E72: – | F72: 1 | G72: Completed
A73: 71 | B73: Base Coat | C73: Mechanical | D73: Frame Body — cleaned | E73: – | F73: 1 | G73: Completed
A74: 72 | B74: Printing | C74: Electrical | D74: Servo motor troubleshooting | E74: High | F74: 0 | G74: Not Started
A75: 73 | B75: Printing | C75: Electrical | D75: White LED lighting for printing and oven area | E75: Medium | F75: 0 | G75: Not Started | H75: Khalid sb
A76: 74 | B76: Printing | C76: Electrical | D76: Final printing plan and PLC delivery & inspection | E76: High | F76: 0.2 | G76: Pending Procurement | H76: PLC and supporting items to be delivered and inspected — Material in transit
A77: 75 | B77: Printing | C77: Electrical | D77: CTC cleaning of machine panels interface | E77: – | F77: 1 | G77: Completed
A78: 76 | B78: Printing | C78: Electrical | D78: PLC installation | E78: – | F78: 1 | G78: Completed
A79: 77 | B79: Printing | C79: Mechanical | D79: All printing rollers — dismantle, clean, buff, chrome plate | E79: High | F79: 0.6 | G79: In Progress
A80: 78 | B80: Printing | C80: Mechanical | D80: Rollers (Tubex team) — ready for chrome plating | E80: High | F80: 0.7 | G80: In Progress
A81: 79 | B81: Printing | C81: Mechanical | D81: Bearings — cleaning & greasing | E81: Medium | F81: 0.5 | G81: In Progress
A82: 80 | B82: Printing | C82: Mechanical | D82: Ink Fountain — cleaning | E82: Medium | F82: 0.5 | G82: In Progress
A83: 81 | B83: Printing | C83: Mechanical | D83: Roller Train Frame — cleaning | E83: Medium | F83: 0.5 | G83: In Progress
A84: 82 | B84: Printing | C84: Mechanical | D84: Printing machine rollers — deep clean, rubber & chrome inspection | E84: High | F84: 0.4 | G84: In Progress | H84: Deep cleaning in progress; rubber roller quotation taken; chrome coating to be checked after inspection
A85: 83 | B85: Printing | C85: Mechanical | D85: Aluminium oil tank — fabricate & install | E85: Medium | F85: 0 | G85: Not Started | H85: Khalid sb
A86: 84 | B86: Over Varnish | C86: Electrical | D86: Motors checking and troubleshooting | E86: – | F86: 1 | G86: Completed
A87: 85 | B87: Over Varnish | C87: Mechanical | D87: Rollers — dismantled, to be chrome plated | E87: Medium | F87: 0.5 | G87: In Progress | H87: Sent for chrome plating
A88: 86 | B88: Over Varnish | C88: Mechanical | D88: Mandrels — cleaned | E88: – | F88: 1 | G88: Completed
A89: 87 | B89: Over Varnish | C89: Mechanical | D89: Rollers Housing — cleaned and greased | E89: – | F89: 1 | G89: Completed
A90: 88 | B90: Over Varnish | C90: Mechanical | D90: Frame Body — cleaned | E90: – | F90: 1 | G90: Completed
A91: 89 | B91: Main Oven | C91: Electrical | D91: Cable trays installation | E91: – | F91: 1 | G91: Completed
A92: 90 | B92: Main Oven | C92: Electrical | D92: Blower motor connection and testing | E92: – | F92: 1 | G92: Completed
A93: 91 | B93: Main Oven | C93: Mechanical | D93: Motors alignment w.r.t marking | E93: – | F93: 1 | G93: Completed
A94: 92 | B94: Necking | C94: Electrical | D94: Necking machine — electrical supply troubleshooting for dry run | E94: High | F94: 0.2 | G94: In Progress | H94: Interlocking will be redesigned and checked
A95: 93 | B95: Necking | C95: Electrical | D95: Electrical troubleshooting and testing | E95: – | F95: 1 | G95: Completed
A96: 94 | B96: Necking | C96: Mechanical | D96: Cans Grippers / Holders — cleaning | E96: Medium | F96: 0.5 | G96: In Progress | H96: Tubex team
A97: 95 | B97: Necking | C97: Mechanical | D97: Two sets of press dies, springs & nut bolts required | E97: High | F97: 0 | G97: Not Started | H97: Khalid sb
A98: 96 | B98: Necking | C98: Mechanical | D98: Buffing and polishing on necking machine tools | E98: Medium | F98: 0 | G98: Not Started | H98: Khalid sb
A99: 97 | B99: Necking | C99: Mechanical | D99: Kluber oil & grease for necking machine | E99: Medium | F99: 0 | G99: Not Started | H99: Khalid sb
A100: 98 | B100: Mixer | C100: Electrical | D100: Mixer installation and automation — auto feeding flow design | E100: Medium | F100: 0 | G100: Pending Procurement | H100: Flow to be designed for auto feeding on press — quotation awaiting for conveyor
...

Sheet HOW TO UPDATE
B1: HOW TO UPDATE — QUICK GUIDE
B2: COLUMN / STEP | C2: INSTRUCTION
B3: COLUMN | C3: WHAT TO DO
B4: Machine | C4: Click the cell — a dropdown appears. Pick the machine name.
B5: Category | C5: Pick Electrical or Mechanical from the dropdown.
B6: Task Description | C6: Type the task clearly and briefly.
B7: Priority | C7: High = urgent / blocking. Medium = important. Low = when possible.
B8: Progress | C8: Type a number: 0 = not started, 50 = halfway done, 100 = complete.
B9: Status | C9: Pick from dropdown: Not Started / In Progress / Completed / Blocked / Pending Procurement.
B10: Remarks | C10: Short notes — vendor, reason for delay, Khalid sb instruction, etc.
B11: Updated | C11: Type today's date when you update any row.
B12: Add a new task | C12: Scroll to the bottom. Type in the next empty row. All dropdowns work there too.
B13: Filter by machine | C13: Click the filter arrow (▼) on the Machine column. Tick only the machine you want.
... B16: Back to Dashboard | C16: In the Tracker, click '← Dashboard' in the top-right corner of the sheet.
